Language,Program,PowerLimit,Package,Core,GPU,DRAM,Time,Temperature,Memory
Python, docutils, 15,1786.943237304687500000, 1021.577087402343750000, 0.804443359375000000, 111.387023925781250000, 124427, 60.5, 69200
Python, docutils, 15,1789.915527343750000000, 1020.378356933593750000, 0.679016113281250000, 111.342468261718750000, 124365, 61.5, 69192
Python, docutils, 15,1806.680847167968750000, 1031.663574218750000000, 0.593933105468750000, 111.550537109375000000, 124391, 59.8, 69264
Python, docutils, 15,1793.087341308593750000, 1023.800048828125000000, 0.594055175781250000, 112.064819335937500000, 124857, 60.0, 69172
Python, docutils, 15,1800.579711914062500000, 1027.820068359375000000, 0.427429199218750000, 111.167114257812500000, 124413, 61.0, 69364
Python, docutils, 15,1787.339965820312500000, 1019.566101074218750000, 0.464721679687500000, 112.042175292968750000, 125014, 60.0, 69400
Python, docutils, 15,1785.344848632812500000, 1017.781127929687500000, 0.667114257812500000, 112.087341308593750000, 124827, 61.8, 69380
Python, docutils, 15,1791.836975097656250000, 1023.790344238281250000, 0.503906250000000000, 111.369567871093750000, 124471, 60.8, 69208
Python, docutils, 15,1804.028259277343750000, 1031.112243652343750000, 0.619750976562500000, 110.851318359375000000, 123880, 61.2, 69088
