Language,Program,PowerLimit,Package,Core,GPU,DRAM,Time,Temperature,Memory
Java, luindex, 25,607.320251464843750000, 560.886474609375000000,  ,  , 21479, 65.8, 291372
Java, luindex, 25,583.254455566406250000, 544.961853027343750000,  ,  , 20154, 64.2, 253864
Java, luindex, 25,573.962280273437500000, 535.346679687500000000,  ,  , 20305, 64.2, 375016
Java, luindex, 25,576.196105957031250000, 538.043884277343750000,  ,  , 19722, 60.2, 318392
Java, luindex, 25,606.183227539062500000, 566.622619628906250000,  ,  , 19705, 68.8, 374540
Java, luindex, 25,597.604736328125000000, 558.268554687500000000,  ,  , 19821, 69.2, 270192
Java, luindex, 25,572.720642089843750000, 534.597656250000000000,  ,  , 19840, 70.0, 263400
Java, luindex, 25,609.584350585937500000, 570.397583007812500000,  ,  , 19516, 69.5, 258884
Java, luindex, 25,595.544250488281250000, 554.965209960937500000,  ,  , 19576, 71.2, 378048
